buy_conf,sell_conf,total_trade,buy_trade,sell_trade,win,loss,winrate,profit_factor,max_drawdown,net_profit,roi,saldo_akhir,score
0.8500000000000003,0.55,143,70,73,86,57,60.13986013986013,2.016046584568772,14.772634221196911,9613.896464111465,96.13896464111465,19613.896464111465,127.78063504910851
0.7500000000000002,0.55,188,115,73,106,82,56.38297872340425,1.7592796980262864,8.241394669606668,10386.416983762643,103.86416983762643,20386.416983762643,126.97341924586887
0.8500000000000003,0.5,213,70,143,118,95,55.39906103286385,1.7039124319029624,12.451616977403189,11288.091517083543,112.88091517083542,21288.091517083543,119.75478536061273
0.8500000000000003,0.6000000000000001,105,70,35,61,44,58.0952380952381,1.8942059047001552,11.66999918645986,5557.324094774423,55.57324094774423,15557.324094774423,118.42550464548431
0.7000000000000002,0.55,205,132,73,111,94,54.146341463414636,1.6222450546431821,8.773019029165516,9428.421999814502,94.28421999814502,19428.4219998145,117.66028837331535
0.8500000000000003,0.7500000000000002,71,70,1,40,31,56.33802816901409,1.8167897619524398,6.378323303343221,3076.3143337099427,30.76314333709943,13076.314333709943,117.42574827500968
0.8000000000000003,0.55,174,101,73,98,76,56.32183908045977,1.7586911068694322,13.427766202649325,9282.834400906802,92.82834400906802,19282.834400906802,116.93258331284677
0.6500000000000001,0.5,295,158,137,151,144,51.186440677966104,1.460515949090212,6.901719031782952,10988.991769053926,109.88991769053926,20988.991769053926,115.63926329302495
0.8500000000000003,0.6500000000000001,81,70,11,45,36,55.55555555555556,1.754154417520584,7.314540070309786,3370.129528178093,33.70129528178093,13370.129528178093,113.71240342949264
0.6000000000000001,0.5,336,215,121,172,164,51.19047619047619,1.4783116675846675,12.265828075166496,13274.881943320335,132.74881943320335,23274.881943320335,112.87872657251572
0.8000000000000003,0.5,242,101,141,128,114,52.892561983471076,1.5471966920003388,11.173410585273276,10330.778355303897,103.30778355303897,20330.778355303897,112.23558950444698
0.7500000000000002,0.6000000000000001,149,114,35,80,69,53.691275167785236,1.6232130808837821,7.832701841465123,5937.385062670803,59.37385062670803,15937.385062670803,111.89987818238784
0.7500000000000002,0.5,256,114,142,134,122,52.34375,1.5082123529816698,11.276577362836376,10464.668328134278,104.64668328134277,20464.668328134278,110.51483973128079
0.8500000000000003,0.7000000000000002,73,70,3,40,33,54.794520547945204,1.7020236485456708,7.939748652677451,2816.0956784691116,28.160956784691116,12816.095678469112,109.20077459372148
0.5,0.55,391,348,43,192,199,49.10485933503836,1.3934027897633914,11.66999918645989,11878.445294828678,118.78445294828678,21878.445294828678,106.54043306802237
0.55,0.5,378,280,98,186,192,49.2063492063492,1.392778223498086,11.276577362836385,11517.95263751885,115.17952637518852,21517.95263751885,106.43534277388117
0.6500000000000001,0.55,233,163,70,121,112,51.931330472103,1.4924870681646465,11.276577362836372,8742.158687405528,87.42158687405528,18742.15868740553,106.23459929319384
0.5,0.6000000000000001,381,362,19,187,194,49.08136482939632,1.3811172386202353,10.984909165063925,11397.655662580702,113.97655662580704,21397.655662580702,106.10331953707309
0.8000000000000003,0.6000000000000001,136,101,35,72,64,52.94117647058824,1.5829837845744135,10.276172308356827,4923.89651500907,49.2389651500907,14923.89651500907,104.22347418575355
0.7000000000000002,0.6000000000000001,169,134,35,86,83,50.887573964497044,1.4578986166598713,7.117849631730302,5103.546534721005,51.03546534721005,15103.546534721005,103.29005027048994
0.5,0.5,400,325,75,196,204,49.0,1.3701555620400119,13.611094544713934,12048.135144450527,120.48135144450526,22048.135144450527,102.98585095343063
0.7500000000000002,0.6500000000000001,126,115,11,65,61,51.587301587301596,1.5241382161654746,7.832701841465141,3896.7306260176083,38.96730626017608,13896.730626017608,102.80358793010728
0.8500000000000003,0.8000000000000003,70,70,0,40,30,57.14285714285714,1.8819035054265398,5.432649801356786,3208.398316878729,32.08398316878729,13208.398316878729,102.11539072021245
0.8500000000000003,0.8500000000000003,70,70,0,40,30,57.14285714285714,1.8819035054265398,5.432649801356786,3208.398316878729,32.08398316878729,13208.398316878729,102.11539072021245
0.7000000000000002,0.5,271,130,141,140,131,51.66051660516605,1.4756531033438989,15.820787320485694,10393.445643686904,103.93445643686906,20393.445643686904,101.91209274298424
0.7500000000000002,0.7500000000000002,116,115,1,59,57,50.86206896551724,1.4822892910749539,7.8327018414651,3261.8072949183497,32.6180729491835,13261.80729491835,99.49716795339583
0.55,0.55,348,298,50,168,180,48.275862068965516,1.3345461925815674,10.984909165063911,8701.272929495357,87.01272929495357,18701.272929495357,98.4449608491403
0.8000000000000003,0.6500000000000001,112,101,11,57,55,50.89285714285714,1.485488366726745,8.648275251635912,3144.4557221084287,31.444557221084285,13144.455722108429,98.18246180726136
0.8000000000000003,0.7500000000000002,102,101,1,52,50,50.98039215686274,1.4954460112172516,8.6482752516359,2855.599820897458,28.555998208974582,12855.599820897458,98.0468232914625
0.7000000000000002,0.6500000000000001,145,134,11,72,73,49.6551724137931,1.4141272273403438,7.117849631730292,3633.2368661218043,36.33236866121805,13633.236866121804,97.98237458515848
0.7500000000000002,0.7000000000000002,117,115,2,59,58,50.427350427350426,1.4539091830932718,7.8327018414651,3129.189221969167,31.29189221969167,13129.189221969167,97.87936821914677
0.5,0.6500000000000001,374,369,5,178,196,47.593582887700535,1.315842177506668,10.984909165063925,8406.993620829497,84.06993620829498,18406.993620829497,96.7671020381801
0.5,0.7000000000000002,372,370,2,177,195,47.58064516129033,1.3188232297629745,10.98490916506389,8325.37241210596,83.2537241210596,18325.37241210596,96.71663284778025
0.5,0.7500000000000002,372,371,1,177,195,47.58064516129033,1.3187941584271279,10.98490916506389,8325.37241210596,83.2537241210596,18325.37241210596,96.71546999434638
0.6000000000000001,0.55,286,225,61,140,146,48.95104895104895,1.357307379487653,12.26582807516647,7539.553305775946,75.39553305775945,17539.553305775946,95.44818415383278
0.7000000000000002,0.7500000000000002,135,134,1,66,69,48.888888888888886,1.37249927941637,7.1178496317302855,3010.3522180954933,30.103522180954933,13010.352218095493,94.6883456096948
0.8000000000000003,0.7000000000000002,104,101,3,52,52,50.0,1.4335769983121398,8.6482752516359,2599.773384461603,25.997733844616032,12599.773384461603,94.57021382395496
0.7000000000000002,0.7000000000000002,136,134,2,66,70,48.529411764705884,1.3510740431514032,7.1178496317302855,2880.248695914537,28.802486959145373,12880.248695914537,93.39139055264272
0.6500000000000001,0.6000000000000001,197,164,33,95,102,48.223350253807105,1.3272096118491121,9.0719347397311,4216.7837408345185,42.167837408345186,14216.783740834519,92.02572497294041
0.55,0.6000000000000001,329,305,24,155,174,47.11246200607903,1.286814737575281,10.984909165063913,6452.308600243909,64.52308600243909,16452.30860024391,91.4560739589427
0.6000000000000001,0.6000000000000001,259,229,30,124,135,47.87644787644788,1.3239514275942899,12.265828075166475,5535.085948906244,55.350859489062444,15535.085948906244,89.5677108270583
0.6500000000000001,0.7500000000000002,167,166,1,77,90,46.10778443113773,1.236191613051306,6.704152533990026,2355.8201561138194,23.558201561138194,12355.82015611382,87.1569682488637
0.55,0.6500000000000001,316,309,7,146,170,46.20253164556962,1.249480169766241,10.984909165063907,5032.539263938439,50.32539263938439,15032.539263938439,86.66818739371547
0.6500000000000001,0.6500000000000001,175,165,10,81,94,46.285714285714285,1.242697406992186,7.637111008650136,2577.4265170290764,25.774265170290768,12577.426517029076,86.54993994362752
0.55,0.7500000000000002,312,311,1,144,168,46.15384615384615,1.2492500291801678,10.984909165063868,4899.518772332753,48.995187723327525,14899.518772332753,86.36859804119949
0.55,0.7000000000000002,312,310,2,144,168,46.15384615384615,1.2491995292031821,10.984909165063868,4899.518772332753,48.995187723327525,14899.518772332753,86.36657804212007
0.6500000000000001,0.7000000000000002,169,166,3,77,92,45.562130177514796,1.2076059989007957,7.6371110086501215,2109.9393350071514,21.099393350071512,12109.939335007151,83.84951720182833
0.6000000000000001,0.6500000000000001,243,235,8,113,130,46.50205761316872,1.2615175085641823,12.26582807516652,3928.1761147416346,39.28176114741635,13928.176114741635,83.16933926588513
0.6000000000000001,0.7500000000000002,237,236,1,110,127,46.41350210970464,1.2599985114828955,12.2658280751665,3743.713453056296,37.43713453056296,13743.713453056296,82.69537630753098
0.6000000000000001,0.7000000000000002,238,236,2,110,128,46.21848739495798,1.2485250772903842,12.2658280751665,3606.2763185257318,36.06276318525732,13606.276318525732,81.86405731339607
0.7500000000000002,0.8000000000000003,115,115,0,59,56,51.30434782608696,1.512091732954644,7.8327018414651,3395.7649443619703,33.9576494436197,13395.76494436197,81.17832035775554
0.7500000000000002,0.8500000000000003,115,115,0,59,56,51.30434782608696,1.512091732954644,7.8327018414651,3395.7649443619703,33.9576494436197,13395.76494436197,81.17832035775554
0.8000000000000003,0.8000000000000003,101,101,0,52,49,51.48514851485149,1.529562307207459,8.6482752516359,2985.4543645428894,29.854543645428894,12985.45436454289,79.92356239735602
0.8000000000000003,0.8500000000000003,101,101,0,52,49,51.48514851485149,1.529562307207459,8.6482752516359,2985.4543645428894,29.854543645428894,12985.45436454289,79.92356239735602
0.5,0.8000000000000003,371,371,0,177,194,47.7088948787062,1.3271658892039604,10.98490916506389,8510.477183945404,85.10477183945405,18510.477183945404,77.48467362780649
0.5,0.8500000000000003,371,371,0,177,194,47.7088948787062,1.3271658892039604,10.98490916506389,8510.477183945404,85.10477183945405,18510.477183945404,77.48467362780649
0.7000000000000002,0.8000000000000003,134,134,0,66,68,49.25373134328358,1.394811190459369,7.1178496317302855,3141.7699172681732,31.417699172681736,13141.769917268173,76.02607867695747
0.7000000000000002,0.8500000000000003,134,134,0,66,68,49.25373134328358,1.394811190459369,7.1178496317302855,3141.7699172681732,31.417699172681736,13141.769917268173,76.02607867695747
0.6500000000000001,0.8000000000000003,166,166,0,77,89,46.3855421686747,1.2515373298442731,6.704152533990026,2480.626420316992,24.806264203169924,12480.626420316992,68.15928831775723
0.6500000000000001,0.8500000000000003,166,166,0,77,89,46.3855421686747,1.2515373298442731,6.704152533990026,2480.626420316992,24.806264203169924,12480.626420316992,68.15928831775723
0.55,0.8000000000000003,311,311,0,144,167,46.30225080385852,1.2581902796430735,10.984909165063868,5050.018961952275,50.50018961952275,15050.018961952275,67.10141076396096
0.55,0.8500000000000003,311,311,0,144,167,46.30225080385852,1.2581902796430735,10.984909165063868,5050.018961952275,50.50018961952275,15050.018961952275,67.10141076396096
0.6000000000000001,0.8000000000000003,236,236,0,110,126,46.61016949152542,1.2717700379304717,12.2658280751665,3882.538841471007,38.82538841471007,13882.538841471007,63.54222183317383
0.6000000000000001,0.8500000000000003,236,236,0,110,126,46.61016949152542,1.2717700379304717,12.2658280751665,3882.538841471007,38.82538841471007,13882.538841471007,63.54222183317383
