entry_time,exit_time,signal,entry,sl,tp,result,profit,saldo,buy_probability,sell_probability
2026-05-18 05:21:00,2026-05-18 05:26:00,BUY,4534.22,4530.925714285715,4539.161428571429,WIN,450000.0,10450000.0,0.5522366438726004,0.44776335612739954
2026-05-18 05:36:00,2026-05-18 05:48:00,BUY,4534.91,4531.591428571429,4539.887857142857,WIN,470250.0,10920250.0,0.6041959698917317,0.3958040301082682
2026-05-18 06:00:00,2026-05-18 06:05:00,BUY,4533.01,4529.932857142858,4537.625714285715,LOSS,-327607.5,10592642.5,0.5779205592388497,0.42207944076115034
2026-05-18 06:27:00,2026-05-18 06:37:00,BUY,4537.13,4534.129285714286,4541.631071428572,LOSS,-317779.27499999997,10274863.225,0.5599895990350542,0.44001040096494665
2026-05-18 07:21:00,2026-05-18 07:23:00,BUY,4542.83,4540.675,4546.0625,LOSS,-308245.89674999996,9966617.32825,0.5558169592737293,0.4441830407262709
2026-05-18 07:53:00,2026-05-18 08:19:00,BUY,4543.35,4540.727857142858,4547.283214285715,WIN,448497.77977125003,10415115.10802125,0.5590096317218266,0.4409903682781739
2026-05-18 09:25:00,2026-05-18 09:27:00,BUY,4545.92,4542.885,4550.4725,LOSS,-312453.4532406375,10102661.654780613,0.5577322769664701,0.4422677230335303
2026-05-18 10:03:00,2026-05-18 10:18:00,BUY,4546.27,4544.2071428571435,4549.364285714286,LOSS,-303079.8496434184,9799581.805137195,0.5920649253308604,0.40793507466913953
2026-05-18 11:28:00,2026-05-18 11:29:00,BUY,4549.2,4547.158571428571,4552.262142857143,LOSS,-293987.4541541158,9505594.35098308,0.5605864349545933,0.4394135650454085
2026-05-18 13:47:00,2026-05-18 13:48:00,BUY,4547.06,4544.669285714286,4550.646071428572,LOSS,-285167.83052949235,9220426.520453587,0.5872397024755224,0.4127602975244778
2026-05-18 14:36:00,2026-05-18 14:43:00,BUY,4543.56,4540.601428571429,4547.997857142857,WIN,414919.19342041144,9635345.713874,0.5927666137808266,0.4072333862191736
2026-05-18 15:39:00,2026-05-18 15:42:00,SELL,4561.48,4564.798571428571,4556.502142857143,LOSS,-289060.37141622,9346285.342457779,0.4464403868237683,0.5535596131762316
2026-05-18 16:06:00,2026-05-18 16:22:00,BUY,4563.69,4560.107857142857,4569.063214285714,WIN,420582.8404106,9766868.182868378,0.5566823559082922,0.4433176440917073
2026-05-18 16:45:00,2026-05-18 16:55:00,BUY,4571.86,4566.752857142857,4579.520714285714,WIN,439509.06822907703,10206377.251097456,0.5681747211197152,0.43182527888028466
2026-05-18 17:01:00,2026-05-18 17:16:00,BUY,4570.15,4566.5992857142855,4575.476071428571,LOSS,-306191.31753292365,9900185.933564533,0.5706778421791292,0.4293221578208711
2026-05-18 19:12:00,2026-05-18 19:21:00,BUY,4546.96,4544.882142857143,4550.0767857142855,WIN,445508.3670104039,10345694.300574936,0.5594675273938079,0.440532472606193
2026-05-18 22:18:00,2026-05-18 23:21:00,SELL,4553.06,4556.735000000001,4547.547500000001,LOSS,-310370.82901724806,10035323.471557688,0.4347257580137026,0.5652742419862978
2026-05-19 01:45:00,2026-05-19 01:46:00,BUY,4576.77,4575.488571428572,4578.692142857143,LOSS,-301059.70414673066,9734263.767410958,0.5623172655763848,0.43768273442361605
2026-05-19 02:09:00,2026-05-19 02:18:00,BUY,4580.14,4578.567142857143,4582.499285714286,WIN,438041.8695334931,10172305.63694445,0.5553743698399433,0.4446256301600573
2026-05-19 02:29:00,2026-05-19 02:32:00,BUY,4585.67,4584.1507142857145,4587.948928571428,LOSS,-305169.1691083335,9867136.467836117,0.5682799835832244,0.43172001641677604
2026-05-19 02:50:00,2026-05-19 02:56:00,BUY,4582.41,4581.140714285714,4584.313928571429,LOSS,-296014.0940350835,9571122.373801034,0.6493467354139884,0.35065326458601226
2026-05-19 03:23:00,2026-05-19 03:30:00,SELL,4579.84,4583.132857142858,4574.9007142857145,WIN,430700.50682104647,10001822.88062208,0.43876087692082444,0.5612391230791794
2026-05-19 05:18:00,2026-05-19 05:27:00,SELL,4556.69,4559.585714285714,4552.346428571428,LOSS,-300054.6864186624,9701768.194203418,0.4488306860403245,0.551169313959679
2026-05-19 06:14:00,2026-05-19 08:11:00,SELL,4551.76,4554.261428571429,4548.007857142857,WIN,436579.5687391538,10138347.762942571,0.4492251491418331,0.550774850858171
2026-05-19 09:14:00,2026-05-19 09:26:00,BUY,4541.95,4539.074285714286,4546.263571428572,WIN,456225.64933241566,10594573.412274987,0.5764205466335796,0.4235794533664221
2026-05-19 09:57:00,2026-05-19 10:04:00,BUY,4548.45,4546.211428571428,4551.807857142857,LOSS,-317837.2023682496,10276736.209906736,0.5697316711179813,0.4302683288820202
2026-05-19 10:59:00,2026-05-19 11:14:00,SELL,4557.13,4560.355,4552.2925000000005,WIN,462453.1294458031,10739189.339352539,0.4206639468534818,0.5793360531465191
2026-05-19 13:57:00,2026-05-19 15:06:00,BUY,4541.8,4538.737857142857,4546.393214285715,LOSS,-322175.68018057616,10417013.659171963,0.5709836052074678,0.4290163947925332
2026-05-19 15:06:00,2026-05-19 15:09:00,BUY,4536.58,4533.981428571428,4540.477857142857,WIN,468765.6146627383,10885779.273834702,0.5516672289031604,0.44833277109684205
2026-05-19 15:29:00,2026-05-19 15:40:00,BUY,4543.29,4540.864285714286,4546.928571428572,LOSS,-326573.378215041,10559205.89561966,0.5747306541391871,0.425269345860814
2026-05-19 16:12:00,2026-05-19 16:21:00,BUY,4525.94,4520.990714285714,4533.363928571428,LOSS,-316776.1768685898,10242429.718751071,0.5636283451252533,0.43637165487474744
2026-05-19 16:35:00,2026-05-19 16:37:00,BUY,4474.76,4466.848571428572,4486.627142857144,WIN,460909.33734379814,10703339.05609487,0.7995829874164502,0.20041701258354822
2026-05-19 16:47:00,2026-05-19 16:50:00,BUY,4477.48,4470.960714285714,4487.258928571428,WIN,481650.25752426917,11184989.313619139,0.8323058574640028,0.16769414253599615
2026-05-19 17:00:00,2026-05-19 17:04:00,BUY,4497.85,4490.873571428571,4508.314642857144,WIN,503324.5191128612,11688313.832732,0.7998647233833955,0.2001352766166039
2026-05-19 17:13:00,2026-05-19 17:21:00,BUY,4496.75,4490.079285714286,4506.756071428572,LOSS,-350649.41498195997,11337664.41775004,0.8845050135387134,0.11549498646128604
2026-05-19 17:25:00,2026-05-19 17:28:00,BUY,4486.81,4482.17,4493.77,WIN,510194.89879875176,11847859.316548793,0.8544517447908391,0.1455482552091603
2026-05-19 17:40:00,2026-05-19 17:42:00,BUY,4490.36,4485.836428571428,4497.145357142857,WIN,533153.6692446957,12381012.985793488,0.8907196383404982,0.10928036165950122
2026-05-19 17:57:00,2026-05-19 18:01:00,BUY,4491.92,4488.381428571429,4497.227857142858,WIN,557145.584360707,12938158.570154196,0.8072727626849058,0.1927272373150945
2026-05-19 18:09:00,2026-05-19 18:18:00,BUY,4498.27,4494.658571428572,4503.687142857143,WIN,582217.1356569388,13520375.705811134,0.7826060175624122,0.21739398243758634
2026-05-19 18:20:00,2026-05-19 18:23:00,BUY,4499.33,4495.78,4504.655,LOSS,-405611.271174334,13114764.4346368,0.8654746052051854,0.1345253947948141
2026-05-19 18:30:00,2026-05-19 18:31:00,BUY,4501.77,4498.5878571428575,4506.543214285714,WIN,590164.3995586559,13704928.834195456,0.7323863464677796,0.2676136535322192
2026-05-19 18:48:00,2026-05-19 18:55:00,BUY,4502.27,4499.8835714285715,4505.849642857143,WIN,616721.7975387955,14321650.631734252,0.7808620466104542,0.21913795338954528
2026-05-19 19:01:00,2026-05-19 19:04:00,BUY,4507.35,4505.239285714286,4510.516071428571,LOSS,-429649.51895202755,13892001.112782225,0.7092085925550233,0.29079140744497667
2026-05-19 19:12:00,2026-05-19 19:20:00,BUY,4498.11,4495.8664285714285,4501.475357142857,WIN,625140.0500752,14517141.162857424,0.8119238311630399,0.18807616883695974
2026-05-19 19:23:00,2026-05-19 19:25:00,BUY,4504.25,4502.413571428571,4507.004642857143,WIN,653271.3523285841,15170412.515186008,0.6406088918142955,0.35939110818570513
2026-05-19 19:39:00,2026-05-19 19:48:00,BUY,4508.74,4506.469285714285,4512.146071428571,LOSS,-455112.37545558024,14715300.139730427,0.7815045804449737,0.21849541955502566
2026-05-19 19:58:00,2026-05-19 20:00:00,BUY,4508.26,4506.847142857143,4510.379285714285,LOSS,-441459.0041919128,14273841.135538515,0.6403866073746525,0.35961339262534786
2026-05-19 20:13:00,2026-05-19 20:16:00,BUY,4508.58,4507.015714285714,4510.926428571428,WIN,642322.8510992331,14916163.986637749,0.7285318342013659,0.27146816579863386
2026-05-19 20:24:00,2026-05-19 20:26:00,BUY,4503.53,4501.870714285714,4506.018928571429,WIN,671227.3793986987,15587391.366036447,0.811077612217614,0.18892238778238604
2026-05-19 20:37:00,2026-05-19 20:39:00,BUY,4505.82,4503.969285714285,4508.596071428571,LOSS,-467621.7409810934,15119769.625055354,0.7844208068788531,0.2155791931211471
2026-05-19 21:00:00,2026-05-19 21:09:00,BUY,4500.69,4499.469999999999,4502.5199999999995,WIN,680389.6331274909,15800159.258182844,0.693756659243398,0.30624334075660337
2026-05-19 21:13:00,2026-05-19 21:16:00,BUY,4501.98,4500.710714285714,4503.883928571428,LOSS,-474004.7777454853,15326154.480437359,0.7615845742423238,0.23841542575767566
2026-05-19 21:23:00,2026-05-19 21:26:00,BUY,4497.75,4496.376428571429,4499.810357142857,WIN,689676.9516196811,16015831.43205704,0.8092467428352862,0.1907532571647139
2026-05-19 21:36:00,2026-05-19 21:41:00,BUY,4497.22,4495.495714285715,4499.806428571429,WIN,720712.4144425668,16736543.846499607,0.7601427019086264,0.2398572980913736
2026-05-19 21:51:00,2026-05-19 21:53:00,BUY,4498.13,4496.904285714286,4499.9685714285715,LOSS,-502096.31539498817,16234447.531104619,0.7717518873210416,0.2282481126789585
2026-05-19 22:04:00,2026-05-19 22:10:00,BUY,4493.71,4491.951428571429,4496.347857142857,WIN,730550.1388997078,16964997.670004327,0.7331921016866749,0.2668078983133251
2026-05-19 22:19:00,2026-05-19 22:20:00,BUY,4492.68,4491.364285714286,4494.653571428572,LOSS,-508949.9301001298,16456047.739904197,0.8210235729071067,0.17897642709289338
2026-05-19 22:41:00,2026-05-19 22:51:00,BUY,4487.24,4485.657857142857,4489.613214285714,LOSS,-493681.43219712586,15962366.307707071,0.7661747204223739,0.2338252795776264
2026-05-19 22:52:00,2026-05-19 22:55:00,BUY,4484.3,4483.082857142857,4486.125714285715,LOSS,-478870.9892312121,15483495.31847586,0.8350853027288296,0.1649146972711702
2026-05-19 23:03:00,2026-05-19 23:10:00,BUY,4482.14,4480.565714285714,4484.501428571429,WIN,696757.2893314136,16180252.607807273,0.7492687672021695,0.25073123279783033
2026-05-19 23:19:00,2026-05-19 23:23:00,BUY,4485.29,4484.015714285714,4487.201428571429,WIN,728111.3673513273,16908363.975158602,0.7515366298197299,0.24846337018027065
2026-05-19 23:29:00,2026-05-19 23:30:00,BUY,4486.16,4485.036428571429,4487.845357142857,LOSS,-507250.91925475805,16401113.055903845,0.7485197093087069,0.2514802906912938
2026-05-19 23:43:00,2026-05-19 23:46:00,BUY,4483.55,4482.66,4484.885,LOSS,-492033.39167711535,15909079.66422673,0.706303060633778,0.2936969393662224
2026-05-20 01:02:00,2026-05-20 01:07:00,BUY,4483.34,4481.867142857143,4485.549285714286,WIN,715908.5848902027,16624988.249116933,0.7386885561603717,0.2613114438396292
2026-05-20 01:14:00,2026-05-20 01:20:00,BUY,4482.82,4481.272857142857,4485.140714285714,LOSS,-498749.64747350797,16126238.601643424,0.7979366472567287,0.20206335274327164
2026-05-20 01:31:00,2026-05-20 01:33:00,BUY,4477.72,4476.590714285715,4479.413928571429,WIN,725680.7370739541,16851919.33871738,0.816968015878252,0.183031984121748
2026-05-20 01:43:00,2026-05-20 01:47:00,BUY,4483.09,4481.0028571428575,4486.220714285714,LOSS,-505557.5801615213,16346361.758555857,0.7484286710240742,0.2515713289759259
2026-05-20 01:59:00,2026-05-20 02:00:00,BUY,4484.37,4482.827857142857,4486.683214285714,LOSS,-490390.8527566757,15855970.905799182,0.6638405185083355,0.33615948149166447
2026-05-20 02:10:00,2026-05-20 02:19:00,BUY,4484.03,4482.299285714285,4486.626071428571,WIN,713518.6907609631,16569489.596560145,0.654889169253729,0.3451108307462703
2026-05-20 02:27:00,2026-05-20 02:32:00,BUY,4487.03,4485.517142857143,4489.299285714285,WIN,745627.0318452064,17315116.62840535,0.7226719039269879,0.27732809607301134
2026-05-20 02:41:00,2026-05-20 02:47:00,BUY,4495.28,4493.272142857143,4498.291785714286,LOSS,-519453.4988521605,16795663.12955319,0.5619050245415116,0.43809497545848786
2026-05-20 02:54:00,2026-05-20 02:59:00,BUY,4490.87,4488.817857142857,4493.948214285714,LOSS,-503869.89388659573,16291793.235666595,0.8128680102001075,0.18713198979989232
2026-05-20 03:04:00,2026-05-20 03:05:00,BUY,4486.07,4483.487142857142,4489.944285714286,LOSS,-488753.7970699978,15803039.438596597,0.8340823612809188,0.16591763871908138
2026-05-20 03:15:00,2026-05-20 03:16:00,BUY,4489.11,4484.977142857142,4495.309285714286,LOSS,-474091.1831578979,15328948.255438698,0.7723171420807847,0.22768285791921436
2026-05-20 03:25:00,2026-05-20 03:37:00,BUY,4496.39,4491.887857142858,4503.143214285715,WIN,689802.6714947413,16018750.92693344,0.6172531681858656,0.3827468318141343
2026-05-20 03:48:00,2026-05-20 03:51:00,BUY,4505.16,4502.114285714286,4509.728571428572,LOSS,-480562.5278080032,15538188.399125436,0.7182146263890704,0.281785373610929
2026-05-20 04:01:00,2026-05-20 04:02:00,BUY,4496.67,4493.9064285714285,4500.8153571428575,LOSS,-466145.6519737631,15072042.747151673,0.8308632884240573,0.1691367115759427
2026-05-20 04:16:00,2026-05-20 04:22:00,BUY,4495.5,4491.607142857143,4501.339285714285,LOSS,-452161.2824145502,14619881.464737123,0.810044978813087,0.18995502118691268
2026-05-20 04:26:00,2026-05-20 04:27:00,BUY,4480.47,4477.225714285714,4485.336428571429,LOSS,-438596.44394211366,14181285.02079501,0.7953400054603074,0.20465999453969252
2026-05-20 04:36:00,2026-05-20 04:43:00,BUY,4460.51,4455.412857142857,4468.155714285715,WIN,638157.8259357754,14819442.846730785,0.7158009833065179,0.28419901669348197
2026-05-20 04:49:00,2026-05-20 04:50:00,BUY,4472.36,4467.515714285714,4479.626428571429,WIN,666874.9281028853,15486317.77483367,0.6877312418363181,0.312268758163682
2026-05-20 05:12:00,2026-05-20 05:23:00,BUY,4478.33,4475.308571428572,4482.862142857142,WIN,696884.2998675151,16183202.074701184,0.8768274145321004,0.12317258546789915
2026-05-20 05:25:00,2026-05-20 05:30:00,BUY,4481.36,4478.467857142857,4485.698214285714,LOSS,-485496.0622410355,15697706.01246015,0.8173863348953038,0.18261366510469618
2026-05-20 05:40:00,2026-05-20 05:46:00,BUY,4470.02,4466.037857142857,4475.993214285715,LOSS,-470931.18037380447,15226774.832086345,0.7887830221369573,0.21121697786304228
2026-05-20 05:54:00,2026-05-20 05:56:00,BUY,4463.28,4460.19,4467.915,LOSS,-456803.24496259034,14769971.587123755,0.8326360243206086,0.16736397567939132
2026-05-20 06:06:00,2026-05-20 06:23:00,BUY,4456.25,4452.6,4461.725,WIN,664648.721420569,15434620.308544325,0.8443495526529573,0.15565044734704242
2026-05-20 06:28:00,2026-05-20 06:30:00,BUY,4461.29,4459.018571428572,4464.697142857142,LOSS,-463038.6092563297,14971581.699287996,0.8283475067163998,0.1716524932836004
2026-05-20 06:39:00,2026-05-20 06:48:00,BUY,4464.5,4461.845,4468.4825,LOSS,-449147.4509786398,14522434.248309355,0.7253513646652947,0.2746486353347048
2026-05-20 06:55:00,2026-05-20 06:59:00,BUY,4461.3,4459.651428571428,4463.772857142858,WIN,653509.541173921,15175943.789483275,0.7151185814764808,0.2848814185235192
2026-05-20 07:14:00,2026-05-20 07:19:00,BUY,4469.07,4467.167142857143,4471.924285714285,LOSS,-455278.31368449825,14720665.475798776,0.7531311758314339,0.24686882416856543
2026-05-20 07:24:00,2026-05-20 07:28:00,BUY,4466.78,4464.965714285714,4469.501428571429,LOSS,-441619.9642739633,14279045.511524813,0.7340827750416089,0.2659172249583913
2026-05-20 07:40:00,2026-05-20 07:41:00,BUY,4465.13,4463.372857142857,4467.765714285715,LOSS,-428371.36534574436,13850674.146179069,0.7023486188964039,0.2976513811035954
2026-05-20 07:52:00,2026-05-20 08:00:00,BUY,4461.05,4458.895714285714,4464.2814285714285,WIN,623280.3365780581,14473954.482757127,0.7243229506399121,0.2756770493600878
2026-05-20 08:10:00,2026-05-20 08:18:00,BUY,4467.31,4464.870714285715,4470.9689285714285,WIN,651327.9517240706,15125282.434481198,0.8097667885017743,0.19023321149822567
2026-05-20 08:20:00,2026-05-20 08:22:00,BUY,4472.59,4470.81,4475.26,WIN,680637.7095516539,15805920.144032853,0.6015872622905466,0.39841273770945257
2026-05-20 08:34:00,2026-05-20 08:42:00,BUY,4477.11,4474.282142857142,4481.351785714285,LOSS,-474177.60432098556,15331742.539711867,0.6112233776234762,0.38877662237652283
2026-05-20 08:44:00,2026-05-20 08:45:00,BUY,4472.23,4470.114285714285,4475.403571428571,LOSS,-459952.27619135595,14871790.26352051,0.8031999057417389,0.19680009425826067
2026-05-20 08:54:00,2026-05-20 09:00:00,BUY,4471.33,4468.607142857143,4475.414285714286,WIN,669230.561858423,15541020.825378934,0.6826831981093279,0.31731680189067185
2026-05-20 09:05:00,2026-05-20 09:12:00,BUY,4471.64,4468.8207142857145,4475.868928571429,LOSS,-466230.624761368,15074790.200617567,0.8301109088165589,0.1698890911834407
2026-05-20 09:20:00,2026-05-20 09:23:00,BUY,4474.99,4472.268571428571,4479.072142857143,LOSS,-452243.706018527,14622546.49459904,0.8107083291259948,0.18929167087400475
2026-05-20 09:30:00,2026-05-20 09:32:00,BUY,4470.23,4467.214999999999,4474.7525,LOSS,-438676.3948379712,14183870.099761069,0.8733702695549906,0.1266297304450093
2026-05-20 09:44:00,2026-05-20 09:49:00,BUY,4466.97,4464.277857142857,4471.0082142857145,WIN,638274.1544892481,14822144.254250318,0.7332018293491462,0.2667981706508537
2026-05-20 09:55:00,2026-05-20 10:01:00,BUY,4472.12,4469.401428571428,4476.197857142857,WIN,666996.4914412643,15489140.745691583,0.7930944707270364,0.2069055292729636
2026-05-20 10:08:00,2026-05-20 10:12:00,BUY,4478.56,4476.2642857142855,4482.003571428572,WIN,697011.3335561212,16186152.079247704,0.6438075744040608,0.3561924255959395
2026-05-20 10:23:00,2026-05-20 10:25:00,BUY,4477.33,4474.926428571428,4480.935357142857,WIN,728376.8435661467,16914528.92281385,0.8112492459384468,0.18875075406155273
2026-05-20 10:36:00,2026-05-20 10:38:00,BUY,4476.59,4474.269285714286,4480.0710714285715,WIN,761153.8015266233,17675682.724340476,0.847371010106876,0.15262898989312362
2026-05-20 10:47:00,2026-05-20 10:52:00,BUY,4478.94,4476.627142857143,4482.409285714285,LOSS,-530270.4817302143,17145412.24261026,0.8288612399602617,0.1711387600397382
2026-05-20 11:03:00,2026-05-20 11:06:00,BUY,4479.8,4477.931428571429,4482.602857142858,WIN,771543.5509174617,17916955.793527722,0.6996183469782952,0.30038165302170466
2026-05-20 11:14:00,2026-05-20 11:16:00,BUY,4482.34,4479.877142857143,4486.034285714286,LOSS,-537508.6738058317,17379447.11972189,0.7292632084335112,0.27073679156648844
2026-05-20 11:27:00,2026-05-20 11:30:00,BUY,4484.01,4481.646428571428,4487.555357142857,WIN,782075.120387485,18161522.240109373,0.7605386721994354,0.2394613278005637
2026-05-20 11:40:00,2026-05-20 11:42:00,BUY,4481.43,4478.912142857143,4485.206785714286,LOSS,-544845.6672032812,17616676.57290609,0.7937575954970558,0.20624240450294432
2026-05-20 11:51:00,2026-05-20 11:54:00,BUY,4485.33,4482.809285714286,4489.111071428571,WIN,792750.4457807741,18409427.018686865,0.6650700856859658,0.334929914314034
2026-05-20 12:03:00,2026-05-20 12:06:00,BUY,4485.03,4482.905714285714,4488.216428571428,LOSS,-552282.810560606,17857144.208126258,0.8076320557548202,0.19236794424517933
2026-05-20 12:15:00,2026-05-20 12:20:00,BUY,4480.32,4478.693571428571,4482.759642857142,WIN,803571.4893656817,18660715.69749194,0.7790372752013068,0.2209627247986928
2026-05-20 12:26:00,2026-05-20 12:27:00,BUY,4478.39,4476.762142857144,4480.831785714286,LOSS,-559821.4709247582,18100894.226567183,0.7999390316385652,0.2000609683614346
2026-05-20 12:49:00,2026-05-20 12:53:00,BUY,4483.05,4481.662857142857,4485.130714285714,WIN,814540.2401955232,18915434.466762707,0.7287231264157792,0.2712768735842203
2026-05-20 13:02:00,2026-05-20 13:07:00,BUY,4486.78,4484.911428571429,4489.5828571428565,WIN,851194.5510043218,19766629.017767027,0.7845071816842433,0.2154928183157557
2026-05-20 13:14:00,2026-05-20 13:21:00,BUY,4487.96,4486.225,4490.5625,WIN,889498.3057995162,20656127.323566545,0.7807481992152703,0.2192518007847298
2026-05-20 13:25:00,2026-05-20 13:29:00,BUY,4491.81,4490.365000000001,4493.9775,LOSS,-619683.8197069963,20036443.50385955,0.6603566786633955,0.3396433213366034
2026-05-20 13:35:00,2026-05-20 13:44:00,BUY,4495.87,4494.288571428571,4498.242142857142,LOSS,-601093.3051157865,19435350.198743764,0.5904796621420375,0.4095203378579621
2026-05-20 13:50:00,2026-05-20 13:53:00,BUY,4490.81,4489.047142857144,4493.454285714286,WIN,874590.7589434694,20309940.957687233,0.8280178327718691,0.17198216722813012
2026-05-20 14:13:00,2026-05-20 14:14:00,BUY,4495.11,4493.634285714285,4497.323571428571,LOSS,-609298.228730617,19700642.728956617,0.725939020617526,0.27406097938247376
2026-05-20 14:24:00,2026-05-20 14:28:00,BUY,4495.72,4493.9800000000005,4498.330000000001,WIN,886528.9228030478,20587171.651759665,0.6808972872598825,0.31910271274011753
2026-05-20 14:40:00,2026-05-20 14:44:00,BUY,4498.21,4496.694285714286,4500.483571428572,LOSS,-617615.14955279,19969556.502206877,0.7297396749808488,0.27026032501915087
2026-05-20 14:57:00,2026-05-20 15:02:00,BUY,4497.35,4495.2978571428575,4500.428214285715,WIN,898630.0425993095,20868186.544806186,0.7443147518274472,0.25568524817255267
2026-05-20 15:10:00,2026-05-20 15:16:00,BUY,4497.17,4495.395,4499.8325,LOSS,-626045.5963441855,20242140.948462002,0.7787128138493788,0.22128718615062093
2026-05-20 15:20:00,2026-05-20 15:24:00,BUY,4494.41,4492.908571428571,4496.6621428571425,WIN,910896.34268079,21153037.29114279,0.770774233298574,0.22922576670142564
2026-05-20 15:31:00,2026-05-20 15:43:00,BUY,4500.98,4498.926428571428,4504.060357142856,WIN,951886.6781014255,22104923.969244216,0.6832298446192958,0.31677015538070424
2026-05-20 15:51:00,2026-05-20 15:52:00,BUY,4502.45,4500.698571428571,4505.0771428571425,LOSS,-663147.7190773265,21441776.25016689,0.7006180076383419,0.29938199236165774
2026-05-20 16:07:00,2026-05-20 16:11:00,BUY,4497.06,4494.051428571429,4501.572857142857,WIN,964879.93125751,22406656.181424398,0.8355489443200873,0.16445105567991267
2026-05-20 16:19:00,2026-05-20 16:22:00,BUY,4499.2,4496.427142857143,4503.359285714286,LOSS,-672199.685442732,21734456.495981667,0.8244791897913002,0.17552081020869992
2026-05-20 16:29:00,2026-05-20 16:31:00,BUY,4489.32,4486.933571428571,4492.899642857143,WIN,978050.5423191751,22712507.038300842,0.8216759424676313,0.1783240575323689
2026-05-20 16:42:00,2026-05-20 16:44:00,BUY,4484.57,4481.460714285714,4489.233928571428,WIN,1022062.8167235379,23734569.85502438,0.8304551788211925,0.1695448211788074
2026-05-20 16:54:00,2026-05-20 16:58:00,BUY,4485.96,4482.739285714286,4490.791071428572,LOSS,-712037.0956507314,23022532.759373646,0.8777997303544021,0.12220026964559791
2026-05-20 17:04:00,2026-05-20 17:05:00,BUY,4481.39,4478.8207142857145,4485.243928571429,LOSS,-690675.9827812094,22331856.776592437,0.8475909173073028,0.15240908269269668
2026-05-20 17:14:00,2026-05-20 17:15:00,BUY,4476.94,4473.33,4482.355,WIN,1004933.5549466597,23336790.3315391,0.7988595286618503,0.20114047133815
2026-05-20 17:26:00,2026-05-20 17:42:00,BUY,4504.32,4496.1849999999995,4516.5225,WIN,1050155.5649192594,24386945.896458358,0.6572978291207393,0.34270217087926025
2026-05-20 17:49:00,2026-05-20 17:57:00,BUY,4521.81,4517.863571428572,4527.7296428571435,WIN,1097412.565340626,25484358.461798985,0.615502960608732,0.38449703939126756
2026-05-20 18:06:00,2026-05-20 18:07:00,BUY,4528.26,4524.840714285715,4533.388928571429,LOSS,-764530.7538539695,24719827.707945015,0.6183015459672341,0.3816984540327659
2026-05-20 18:24:00,2026-05-20 18:29:00,BUY,4536.17,4530.506428571429,4544.665357142857,LOSS,-741594.8312383505,23978232.876706664,0.5678975123323569,0.4321024876676429
2026-05-20 18:49:00,2026-05-20 18:53:00,BUY,4537.2,4534.940714285714,4540.588928571428,LOSS,-719346.9863011999,23258885.890405465,0.606178884974042,0.3938211150259583
2026-05-20 18:59:00,2026-05-20 19:06:00,BUY,4529.12,4527.065714285714,4532.201428571429,WIN,1046649.8650682458,24305535.75547371,0.6234910774899297,0.3765089225100701
2026-05-20 19:12:00,2026-05-20 19:16:00,BUY,4532.58,4530.802142857143,4535.246785714286,LOSS,-729166.0726642113,23576369.6828095,0.6066915217408347,0.3933084782591652
2026-05-20 19:44:00,2026-05-20 19:48:00,BUY,4533.8,4531.532857142857,4537.200714285715,LOSS,-707291.0904842849,22869078.592325214,0.585336688491119,0.41466331150888136
2026-05-20 20:21:00,2026-05-20 20:52:00,BUY,4536.08,4534.290714285714,4538.763928571429,LOSS,-686072.3577697565,22183006.234555457,0.5532489475402577,0.44675105245974445
2026-05-20 21:32:00,2026-05-20 21:34:00,BUY,4536.8,4535.418571428571,4538.8721428571425,WIN,998235.2805549954,23181241.51511045,0.5752777277800306,0.42472227221997094
2026-05-21 01:46:00,2026-05-21 02:33:00,BUY,4543.78,4542.559285714286,4545.611071428571,LOSS,-695437.2454533136,22485804.26965714,0.5676152342029792,0.4323847657970224
2026-05-21 02:48:00,2026-05-21 02:51:00,BUY,4545.81,4544.282857142858,4548.100714285714,LOSS,-674574.1280897141,21811230.141567424,0.5884454540440286,0.411554545955972
2026-05-21 03:13:00,2026-05-21 04:09:00,BUY,4544.87,4542.279285714286,4548.756071428572,WIN,981505.356370534,22792735.49793796,0.5696972371537924,0.4303027628462084
2026-05-21 04:18:00,2026-05-21 04:26:00,SELL,4558.49,4561.902142857142,4553.371785714286,LOSS,-683782.0649381387,22108953.43299982,0.42578115929332755,0.5742188407066728
2026-05-21 04:45:00,2026-05-21 04:50:00,BUY,4566.31,4564.016428571429,4569.750357142858,LOSS,-663268.6029899946,21445684.830009826,0.5905279383138925,0.40947206168610767
2026-05-21 04:56:00,2026-05-21 05:01:00,BUY,4560.77,4558.805,4563.717500000001,WIN,965055.817350442,22410740.64736027,0.6694352891248578,0.33056471087514294
2026-05-21 06:22:00,2026-05-21 07:02:00,BUY,4539.91,4538.235,4542.4225,LOSS,-672322.219420808,21738418.42793946,0.5854243993573267,0.4145756006426748
2026-05-21 07:25:00,2026-05-21 07:28:00,BUY,4538.02,4536.795714285715,4539.856428571429,WIN,978228.8292572757,22716647.257196736,0.5889669648885928,0.41103303511140954
2026-05-21 08:58:00,2026-05-21 09:03:00,BUY,4528.79,4526.303571428572,4532.5196428571435,WIN,1022249.1265738532,23738896.38377059,0.5709931726469061,0.42900682735309614
2026-05-21 09:21:00,2026-05-21 09:22:00,BUY,4535.74,4533.0992857142855,4539.701071428572,WIN,1068250.3372696764,24807146.721040264,0.5524006243513837,0.447599375648617
2026-05-21 10:46:00,2026-05-21 10:50:00,BUY,4517.14,4515.447142857143,4519.679285714286,WIN,1116321.6024468117,25923468.323487077,0.5509537208582943,0.4490462791417073
2026-05-21 11:01:00,2026-05-21 11:03:00,BUY,4518.96,4516.942142857143,4521.986785714286,WIN,1166556.0745569183,27090024.398043994,0.5762575192254293,0.42374248077457316
2026-05-21 11:15:00,2026-05-21 11:38:00,SELL,4535.22,4538.088571428571,4530.9171428571435,WIN,1219051.0979119795,28309075.495955974,0.42524894919268397,0.5747510508073164
2026-05-21 12:25:00,2026-05-21 12:29:00,BUY,4536.67,4534.823571428571,4539.439642857143,WIN,1273908.3973180188,29582983.893273994,0.5950969834047114,0.4049030165952887
2026-05-21 13:09:00,2026-05-21 13:30:00,BUY,4534.65,4532.974999999999,4537.1625,LOSS,-887489.5167982198,28695494.376475774,0.5531357907500815,0.4468642092499209
2026-05-21 14:00:00,2026-05-21 14:12:00,BUY,4513.03,4509.977857142857,4517.608214285714,WIN,1291297.2469414098,29986791.623417184,0.6389332361957479,0.36106676380425384
2026-05-21 14:21:00,2026-05-21 14:23:00,BUY,4518.85,4516.756428571429,4521.990357142858,LOSS,-899603.7487025155,29087187.87471467,0.6172875681949309,0.3827124318050699
2026-05-21 14:33:00,2026-05-21 14:37:00,BUY,4511.63,4509.392142857143,4514.986785714285,LOSS,-872615.6362414401,28214572.23847323,0.6640057722530985,0.3359942277469024
2026-05-21 14:45:00,2026-05-21 14:51:00,BUY,4513.74,4511.896428571428,4516.505357142857,WIN,1269655.7507312954,29484227.989204526,0.739009575512622,0.2609904244873771
2026-05-21 14:56:00,2026-05-21 15:00:00,BUY,4512.93,4511.072857142857,4515.715714285715,WIN,1326790.2595142038,30811018.24871873,0.8118024450035664,0.1881975549964342
2026-05-21 15:07:00,2026-05-21 15:13:00,BUY,4517.36,4515.307142857142,4520.439285714286,LOSS,-924330.5474615619,29886687.70125717,0.6451209206843385,0.35487907931566226
2026-05-21 15:20:00,2026-05-21 15:25:00,BUY,4508.65,4506.362857142857,4512.080714285714,LOSS,-896600.631037715,28990087.070219453,0.8064650069300332,0.19353499306996694
2026-05-21 15:34:00,2026-05-21 15:39:00,BUY,4514.56,4511.438571428572,4519.242142857143,LOSS,-869702.6121065835,28120384.45811287,0.714681685044324,0.28531831495567594
2026-05-21 15:48:00,2026-05-21 15:50:00,BUY,4512.37,4509.15,4517.2,LOSS,-843611.533743386,27276772.924369484,0.8260775754379419,0.1739224245620587
2026-05-21 16:04:00,2026-05-21 16:07:00,BUY,4512.07,4508.709999999999,4517.11,LOSS,-818303.1877310845,26458469.7366384,0.6907369234933126,0.3092630765066868
2026-05-21 16:16:00,2026-05-21 16:20:00,BUY,4504.03,4500.604285714286,4509.168571428571,LOSS,-793754.092099152,25664715.64453925,0.814503788257526,0.18549621174247413
2026-05-21 16:28:00,2026-05-21 16:34:00,BUY,4498.07,4494.418571428571,4503.547142857143,LOSS,-769941.4693361775,24894774.17520307,0.8404694978961309,0.15953050210386974
2026-05-21 16:42:00,2026-05-21 16:43:00,BUY,4496.27,4492.128571428571,4502.482142857143,WIN,1120264.837884138,26015039.01308721,0.7917775936995249,0.20822240630047492
2026-05-21 16:54:00,2026-05-21 16:56:00,BUY,4517.9,4512.733571428571,4525.649642857143,LOSS,-780451.1703926163,25234587.84269459,0.5584524713554501,0.4415475286445497
2026-05-21 17:15:00,2026-05-21 17:17:00,BUY,4504.78,4501.392857142857,4509.860714285714,LOSS,-757037.6352808378,24477550.207413755,0.848598933197149,0.151401066802851
2026-05-21 17:32:00,2026-05-21 17:33:00,BUY,4509.24,4506.624285714285,4513.163571428571,LOSS,-734326.5062224127,23743223.701191343,0.7072128854138785,0.29278711458612106
2026-05-21 17:44:00,2026-05-21 17:48:00,BUY,4504.72,4502.016428571429,4508.7753571428575,LOSS,-712296.7110357403,23030926.990155604,0.857971006874607,0.14202899312539286
2026-05-21 17:59:00,2026-05-21 18:03:00,BUY,4508.7,4505.757142857143,4513.114285714285,LOSS,-690927.8097046681,22339999.180450935,0.8163021415524621,0.18369785844753753
2026-05-21 18:10:00,2026-05-21 18:13:00,BUY,4503.88,4500.7414285714285,4508.5878571428575,WIN,1005299.963120292,23345299.143571228,0.7758938493667732,0.22410615063322745
2026-05-21 18:27:00,2026-05-21 18:31:00,BUY,4502.77,4500.1614285714295,4506.682857142858,WIN,1050538.4614607054,24395837.605031934,0.8481860157109665,0.15181398428903342
2026-05-21 18:45:00,2026-05-21 18:54:00,BUY,4508.62,4506.810714285714,4511.333928571428,WIN,1097812.692226437,25493650.29725837,0.7723407466909461,0.22765925330905404
2026-05-21 19:00:00,2026-05-21 19:01:00,BUY,4515.35,4513.510714285715,4518.108928571429,WIN,1147214.2633766267,26640864.560634997,0.6028342112093477,0.39716578879065184
2026-05-21 19:29:00,2026-05-21 19:30:00,BUY,4516.47,4514.878571428571,4518.857142857143,WIN,1198838.9052285748,27839703.46586357,0.6831684140308765,0.31683158596912353
2026-05-21 19:43:00,2026-05-21 19:45:00,BUY,4517.46,4516.071428571428,4519.542857142857,WIN,1252786.6559638607,29092490.12182743,0.6545124680064728,0.34548753199352744
2026-05-21 19:56:00,2026-05-21 19:59:00,BUY,4517.41,4516.062857142857,4519.430714285714,WIN,1309162.0554822343,30401652.177309666,0.7281891009206365,0.2718108990793638
2026-05-21 20:07:00,2026-05-21 20:12:00,BUY,4517.43,4515.694285714286,4520.033571428572,WIN,1368074.3479789349,31769726.5252886,0.6932987649259329,0.30670123507406855
2026-05-21 20:33:00,2026-05-21 20:36:00,SELL,4540.02,4544.673571428571,4533.039642857143,LOSS,-953091.795758658,30816634.729529943,0.4137913779216659,0.5862086220783344
2026-05-21 20:53:00,2026-05-21 20:54:00,SELL,4554.57,4557.402142857142,4550.321785714285,LOSS,-924499.0418858982,29892135.687644046,0.3970264686063525,0.6029735313936471
2026-05-21 21:17:00,2026-05-21 21:25:00,BUY,4545.1,4542.34,4549.240000000001,WIN,1345146.105943982,31237281.793588027,0.6066910833324642,0.39330891666753587
2026-05-21 21:38:00,2026-05-21 21:40:00,BUY,4543.63,4541.814285714286,4546.353571428572,WIN,1405677.6807114612,32642959.47429949,0.605313106102141,0.39468689389785955
2026-05-21 23:42:00,2026-05-21 23:46:00,BUY,4541.07,4540.388571428571,4542.092142857143,LOSS,-979288.7842289847,31663670.690070506,0.563919207643637,0.43608079235636454
2026-05-22 01:03:00,2026-05-22 01:20:00,BUY,4544.05,4542.367142857143,4546.574285714286,LOSS,-949910.1207021151,30713760.569368392,0.5799765297356985,0.420023470264303
2026-05-22 01:28:00,2026-05-22 02:10:00,BUY,4540.19,4539.412857142856,4541.3557142857135,WIN,1382119.2256215776,32095879.79498997,0.5662435525994496,0.4337564474005521
2026-05-22 03:38:00,2026-05-22 03:42:00,BUY,4540.2,4538.5371428571425,4542.694285714286,LOSS,-962876.3938496991,31133003.40114027,0.5959489081370418,0.4040510918629585
2026-05-22 04:21:00,2026-05-22 04:49:00,BUY,4531.43,4529.12,4534.895,LOSS,-933990.102034208,30199013.29910606,0.5621448483344571,0.43785515166554645
2026-05-22 06:43:00,2026-05-22 06:47:00,BUY,4527.03,4525.462142857143,4529.381785714285,WIN,1358955.5984597728,31557968.897565834,0.5606723230105908,0.4393276769894113
2026-05-22 06:56:00,2026-05-22 07:52:00,BUY,4527.9,4526.7642857142855,4529.603571428571,WIN,1420108.6003904627,32978077.4979563,0.5562803572698247,0.44371964273017706
2026-05-22 08:46:00,2026-05-22 08:48:00,BUY,4532.73,4531.079285714285,4535.206071428571,LOSS,-989342.3249386889,31988735.17301761,0.615903263541608,0.38409673645839243
2026-05-22 09:37:00,2026-05-22 09:47:00,BUY,4524.9,4522.972857142857,4527.790714285714,WIN,1439493.0827857924,33428228.255803403,0.5574987170661722,0.44250128293383095
2026-05-22 11:09:00,2026-05-22 11:10:00,BUY,4526.92,4525.4292857142855,4529.1560714285715,WIN,1504270.271511153,34932498.52731456,0.5842459241007899,0.41575407589921115
2026-05-22 11:24:00,2026-05-22 12:36:00,BUY,4527.92,4525.597857142857,4531.403214285715,LOSS,-1047974.9558194367,33884523.57149512,0.5721218316601786,0.427878168339823
2026-05-22 12:45:00,2026-05-22 12:55:00,BUY,4526.05,4524.412142857143,4528.506785714286,WIN,1524803.5607172805,35409327.1322124,0.5893545671331047,0.41064543286689603
2026-05-22 13:26:00,2026-05-22 13:33:00,BUY,4527.87,4526.344999999999,4530.1575,LOSS,-1062279.813966372,34347047.31824603,0.5664345722222882,0.4335654277777138
2026-05-22 14:14:00,2026-05-22 14:15:00,BUY,4515.84,4514.559285714286,4517.761071428572,LOSS,-1030411.4195473809,33316635.89869865,0.5903433873057581,0.4096566126942439
2026-05-22 14:31:00,2026-05-22 14:33:00,BUY,4513.95,4512.66,4515.885,WIN,1499248.6154414392,34815884.51414009,0.707098940812036,0.29290105918796483
2026-05-22 14:43:00,2026-05-22 14:44:00,BUY,4520.67,4519.135,4522.9725,WIN,1566714.803136304,36382599.317276396,0.6580770493082857,0.3419229506917146
